[{"id":"user-image-fotor-ai-20230526155423.jpg","publicUrl":"np://user.desktop.nicepage.com/Site_85269678/images/fotor-ai-20230526155423.jpg","size":1706067,"hash":"zZxzqgOzUYhewpVUa3GmyjNJfm0=","fileName":"fotor-ai-20230526155423.jpg","name":"fotor-ai-20230526155423","width":1536,"height":1536,"thumbnail":{"url":"np://user.desktop.nicepage.com/Site_85269678/images/thumbnails/fotor-ai-20230526155423.jpg","width":250,"height":250},"folderId":null,"usages":[]},{"id":"user-image-bezuglaya_big_yellow_moon_sorcery_magic_witch_symbols_light_cyb_5bcce963-4071-4fba-abdd-1d68d1af08c8.png","publicUrl":"np://user.desktop.nicepage.com/Site_85269678/images/bezuglaya_big_yellow_moon_sorcery_magic_witch_symbols_light_cyb_5bcce963-4071-4fba-abdd-1d68d1af08c8.png","size":425427,"hash":"7D41OYgOpAxl4VmIcDaXbK15uTs=","fileName":"bezuglaya_big_yellow_moon_sorcery_magic_witch_symbols_light_cyb_5bcce963-4071-4fba-abdd-1d68d1af08c8.png","name":"bezuglaya_big_yellow_moon_sorcery_magic_witch_symbols_light_cyb_5bcce963-4071-4fba-abdd-1d68d1af08c8","width":538,"height":538,"thumbnail":{"url":"np://user.desktop.nicepage.com/Site_85269678/images/thumbnails/bezuglaya_big_yellow_moon_sorcery_magic_witch_symbols_light_cyb_5bcce963-4071-4fba-abdd-1d68d1af08c8.png","width":250,"height":250},"folderId":null,"usages":["440424981"]},{"id":"user-image-Oxford_Carton_world_map._Global_logistics_shipping_and_worldwid_f459a583-2fe9-4982-8b0c-235d9373011f.png","publicUrl":"np://user.desktop.nicepage.com/Site_85269678/images/Oxford_Carton_world_map._Global_logistics_shipping_and_worldwid_f459a583-2fe9-4982-8b0c-235d9373011f.png","size":627953,"hash":"BHNBAzkwWIiDicL2pMAQZWrv+e0=","fileName":"Oxford_Carton_world_map._Global_logistics_shipping_and_worldwid_f459a583-2fe9-4982-8b0c-235d9373011f.png","name":"Oxford_Carton_world_map._Global_logistics_shipping_and_worldwid_f459a583-2fe9-4982-8b0c-235d9373011f","width":972,"height":538,"thumbnail":{"url":"np://user.desktop.nicepage.com/Site_85269678/images/thumbnails/Oxford_Carton_world_map._Global_logistics_shipping_and_worldwid_f459a583-2fe9-4982-8b0c-235d9373011f.png","width":250,"height":138},"folderId":null,"usages":["1774729197"]},{"id":"user-image-fotor-ai-20230526155954.jpg","publicUrl":"np://user.desktop.nicepage.com/Site_85269678/images/fotor-ai-20230526155954.jpg","size":1957622,"hash":"mshQtiZs2DrSytI9VPqIp5ClJg8=","fileName":"fotor-ai-20230526155954.jpg","name":"fotor-ai-20230526155954","width":1536,"height":1536,"thumbnail":{"url":"np://user.desktop.nicepage.com/Site_85269678/images/thumbnails/fotor-ai-20230526155954.jpg","width":250,"height":250},"folderId":null,"usages":["1774729197"]},{"id":"user-image-Gamer0.png","publicUrl":"np://user.desktop.nicepage.com/Site_85269678/images/Gamer0.png","size":1395544,"hash":"BIu9PuHkGNlXHJ/TLQ1idr0E50w=","fileName":"Gamer0.png","name":"Gamer0","width":1024,"height":1024,"thumbnail":{"url":"np://user.desktop.nicepage.com/Site_85269678/images/thumbnails/Gamer0.png","width":250,"height":250},"folderId":null,"usages":["1774729197"]},{"id":"user-image-GamingWebsite0.png","publicUrl":"np://user.desktop.nicepage.com/Site_85269678/images/GamingWebsite0.png","size":3092152,"hash":"fvvqvQydxPUSHcrzdYd+u7QzGbw=","fileName":"GamingWebsite0.png","name":"GamingWebsite0","width":1024,"height":1024,"thumbnail":{"url":"np://user.desktop.nicepage.com/Site_85269678/images/thumbnails/GamingWebsite0.png","width":250,"height":250},"folderId":null,"usages":["1774729197"]},{"id":"user-image-2537926.png","publicUrl":"np://user.desktop.nicepage.com/Site_85269678/images/2537926.png","size":3290,"hash":"7IIroM8ctwk3cfe+FBFcjHh1elE=","fileName":"2537926.png","name":"2537926","width":128,"height":128,"thumbnail":{"url":"np://user.desktop.nicepage.com/Site_85269678/images/thumbnails/2537926.png","width":128,"height":128,"length":3290,"type":"png"},"folderId":null,"usages":["1774729197"]},{"id":"user-image-1185202.png","publicUrl":"np://user.desktop.nicepage.com/Site_85269678/images/1185202.png","size":6354,"hash":"fgW84wBtFM0qdhSvNz2Kqb5Kvvc=","fileName":"1185202.png","name":"1185202","width":128,"height":128,"thumbnail":{"url":"np://user.desktop.nicepage.com/Site_85269678/images/thumbnails/1185202.png","width":128,"height":128,"length":6354,"type":"png"},"folderId":null,"usages":["1774729197"]},{"id":"user-image-3050431.png","publicUrl":"np://user.desktop.nicepage.com/Site_85269678/images/3050431.png","size":4285,"hash":"pNzQPuoFXbV8qzkU//VNalTKcHI=","fileName":"3050431.png","name":"3050431","width":128,"height":128,"thumbnail":{"url":"np://user.desktop.nicepage.com/Site_85269678/images/thumbnails/3050431.png","width":128,"height":128,"length":4285,"type":"png"},"folderId":null,"usages":["1774729197"]},{"id":"user-image-54993.png","publicUrl":"np://user.desktop.nicepage.com/Site_85269678/images/54993.png","size":2081,"hash":"L8cRfcUHz4M9EGCztYQvDvKyFhs=","fileName":"54993.png","name":"54993","width":128,"height":128,"thumbnail":{"url":"np://user.desktop.nicepage.com/Site_85269678/images/thumbnails/54993.png","width":128,"height":128,"length":2081,"type":"png"},"folderId":null,"usages":["1774729197"]},{"id":"user-image-36496528_bell_notice_alert_new_event_information_sign_or_symbol_website_icon_3d_illustration.png","publicUrl":"np://user.desktop.nicepage.com/Site_85269678/images/36496528_bell_notice_alert_new_event_information_sign_or_symbol_website_icon_3d_illustration.png","size":941832,"hash":"YIac1sNeFBfAq/2f3gzL/Un54EE=","fileName":"36496528_bell_notice_alert_new_event_information_sign_or_symbol_website_icon_3d_illustration.png","name":"36496528_bell_notice_alert_new_event_information_sign_or_symbol_website_icon_3d_illustration","width":1914,"height":1638,"thumbnail":{"url":"np://user.desktop.nicepage.com/Site_85269678/images/thumbnails/36496528_bell_notice_alert_new_event_information_sign_or_symbol_website_icon_3d_illustration.png","width":250,"height":214},"folderId":null,"originalUrl":"https://assets.nicepagecdn.com/11a8ddce/4584696/images/36496528_bell_notice_alert_new_event_information_sign_or_symbol_website_icon_3d_illustration.png","usages":["1006815403"]},{"id":"user-image-1fb8292a5d8a706f2caf4b8271c901cc1b0b41b4eba8ab042d19d01f4b56d35262b2cb822e5a711abc4b8162fec7e851f17ae250a1204a185dabc1_1280.jpg","publicUrl":"np://user.desktop.nicepage.com/Site_85269678/images/1fb8292a5d8a706f2caf4b8271c901cc1b0b41b4eba8ab042d19d01f4b56d35262b2cb822e5a711abc4b8162fec7e851f17ae250a1204a185dabc1_1280.jpg","size":273671,"hash":"gSDjIfEbzkba7KfBcLW30EHr700=","fileName":"1fb8292a5d8a706f2caf4b8271c901cc1b0b41b4eba8ab042d19d01f4b56d35262b2cb822e5a711abc4b8162fec7e851f17ae250a1204a185dabc1_1280.jpg","name":"1fb8292a5d8a706f2caf4b8271c901cc1b0b41b4eba8ab042d19d01f4b56d35262b2cb822e5a711abc4b8162fec7e851f17ae250a1204a185dabc1_1280","width":1280,"height":850,"thumbnail":{"url":"np://user.desktop.nicepage.com/Site_85269678/images/thumbnails/1fb8292a5d8a706f2caf4b8271c901cc1b0b41b4eba8ab042d19d01f4b56d35262b2cb822e5a711abc4b8162fec7e851f17ae250a1204a185dabc1_1280.jpg","width":250,"height":166},"folderId":null,"usages":["1633322316"]},{"id":"user-image-723b19ae8a41561ced569edef03b22e93009aaa30b462d456209299c9be416f978105282864495a2038f1d9c116954df454c92d18ff028aacaf2eb_1280.jpg","publicUrl":"np://user.desktop.nicepage.com/Site_85269678/images/723b19ae8a41561ced569edef03b22e93009aaa30b462d456209299c9be416f978105282864495a2038f1d9c116954df454c92d18ff028aacaf2eb_1280.jpg","size":162567,"hash":"sDnHtIr3A8JyhCW4ZGjHQaJgoks=","fileName":"723b19ae8a41561ced569edef03b22e93009aaa30b462d456209299c9be416f978105282864495a2038f1d9c116954df454c92d18ff028aacaf2eb_1280.jpg","name":"723b19ae8a41561ced569edef03b22e93009aaa30b462d456209299c9be416f978105282864495a2038f1d9c116954df454c92d18ff028aacaf2eb_1280","width":1280,"height":853,"thumbnail":{"url":"np://user.desktop.nicepage.com/Site_85269678/images/thumbnails/723b19ae8a41561ced569edef03b22e93009aaa30b462d456209299c9be416f978105282864495a2038f1d9c116954df454c92d18ff028aacaf2eb_1280.jpg","width":250,"height":167},"folderId":null,"usages":["1633322316"]},{"id":"user-image-605e2b26736f336f99b72e5a09b58f7afbcc047a7a73ad13e6829e1b2fb7edd248708b3b73fb5170d6d96ccb75f972dae51aef3bca4e770a0b16d3_1280.jpg","publicUrl":"np://user.desktop.nicepage.com/Site_85269678/images/605e2b26736f336f99b72e5a09b58f7afbcc047a7a73ad13e6829e1b2fb7edd248708b3b73fb5170d6d96ccb75f972dae51aef3bca4e770a0b16d3_1280.jpg","size":146513,"hash":"OfRiumeBzBltkH48csXt/EB4Kz8=","fileName":"605e2b26736f336f99b72e5a09b58f7afbcc047a7a73ad13e6829e1b2fb7edd248708b3b73fb5170d6d96ccb75f972dae51aef3bca4e770a0b16d3_1280.jpg","name":"605e2b26736f336f99b72e5a09b58f7afbcc047a7a73ad13e6829e1b2fb7edd248708b3b73fb5170d6d96ccb75f972dae51aef3bca4e770a0b16d3_1280","width":1280,"height":853,"thumbnail":{"url":"np://user.desktop.nicepage.com/Site_85269678/images/thumbnails/605e2b26736f336f99b72e5a09b58f7afbcc047a7a73ad13e6829e1b2fb7edd248708b3b73fb5170d6d96ccb75f972dae51aef3bca4e770a0b16d3_1280.jpg","width":250,"height":167},"folderId":null,"usages":["1633322316"]},{"id":"user-image-810fca3b7c649351b41706c1b27987f7046f8d1ad9238047f5c62beb979293f576027a72d557f0d577aa3bc9bcd263b869ddef0012d2b98de3c7f5_1280.jpg","publicUrl":"np://user.desktop.nicepage.com/Site_85269678/images/810fca3b7c649351b41706c1b27987f7046f8d1ad9238047f5c62beb979293f576027a72d557f0d577aa3bc9bcd263b869ddef0012d2b98de3c7f5_1280.jpg","size":371095,"hash":"G0fFNyblIRuyv2c9WAzDg707hNM=","fileName":"810fca3b7c649351b41706c1b27987f7046f8d1ad9238047f5c62beb979293f576027a72d557f0d577aa3bc9bcd263b869ddef0012d2b98de3c7f5_1280.jpg","name":"810fca3b7c649351b41706c1b27987f7046f8d1ad9238047f5c62beb979293f576027a72d557f0d577aa3bc9bcd263b869ddef0012d2b98de3c7f5_1280","width":1280,"height":853,"thumbnail":{"url":"np://user.desktop.nicepage.com/Site_85269678/images/thumbnails/810fca3b7c649351b41706c1b27987f7046f8d1ad9238047f5c62beb979293f576027a72d557f0d577aa3bc9bcd263b869ddef0012d2b98de3c7f5_1280.jpg","width":250,"height":167},"folderId":null,"usages":["1633322316"]},{"id":"user-image-image.png","publicUrl":"np://user.desktop.nicepage.com/Site_85269678/images/image.png","size":587579,"hash":"FLuOwh7Wj/y9iWSang94N9r4tR0=","fileName":"image.png","name":"image","width":707,"height":439,"thumbnail":{"url":"np://user.desktop.nicepage.com/Site_85269678/images/thumbnails/image.png","width":250,"height":155},"folderId":null,"usages":["440424981"]},{"id":"user-image-image1.png","publicUrl":"np://user.desktop.nicepage.com/Site_85269678/images/image1.png","size":1311116,"hash":"9ZWYMV/yGiSY6NIE3hkRnOJysNc=","fileName":"image1.png","name":"image1","width":1181,"height":735,"thumbnail":{"url":"np://user.desktop.nicepage.com/Site_85269678/images/thumbnails/image1.png","width":250,"height":156},"folderId":null,"usages":["440424981"]},{"id":"user-image-image2.png","publicUrl":"np://user.desktop.nicepage.com/Site_85269678/images/image2.png","size":20073,"hash":"3/nLwSDwMOtelgGZPsAzi9CLuRE=","fileName":"image2.png","name":"image2","width":93,"height":89,"thumbnail":{"url":"np://user.desktop.nicepage.com/Site_85269678/images/thumbnails/image2.png","width":93,"height":89,"length":20073,"type":"png"},"folderId":null,"usages":["440424981"]},{"id":"user-image-3580085.png","publicUrl":"np://user.desktop.nicepage.com/Site_85269678/images/3580085.png","size":1293,"hash":"lWqDsOCOoMBVHOIsXF5w4oQxmpA=","fileName":"3580085.png","name":"3580085","width":128,"height":128,"thumbnail":{"url":"np://user.desktop.nicepage.com/Site_85269678/images/thumbnails/3580085.png","width":128,"height":128,"length":1293,"type":"png"},"folderId":null,"usages":["440424981"]},{"id":"user-image-724933.png","publicUrl":"np://user.desktop.nicepage.com/Site_85269678/images/724933.png","size":1255,"hash":"qk8nyBKeIsNnXBgfOV3jGUwBxwk=","fileName":"724933.png","name":"724933","width":128,"height":128,"thumbnail":{"url":"np://user.desktop.nicepage.com/Site_85269678/images/thumbnails/724933.png","width":128,"height":128,"length":1255,"type":"png"},"folderId":null,"usages":["440424981"]},{"id":"user-image-image3.png","publicUrl":"np://user.desktop.nicepage.com/Site_85269678/images/image3.png","size":182809,"hash":"IU7Hd7Y0ReAV35p+gnwx/9Dcia0=","fileName":"image3.png","name":"image3","width":244,"height":446,"thumbnail":{"url":"np://user.desktop.nicepage.com/Site_85269678/images/thumbnails/image3.png","width":137,"height":250},"folderId":null,"usages":["440424981"]},{"id":"user-image-image4.png","publicUrl":"np://user.desktop.nicepage.com/Site_85269678/images/image4.png","size":195158,"hash":"5J9Hn+8qAGUAfVyDem4cNYu3p7Y=","fileName":"image4.png","name":"image4","width":254,"height":445,"thumbnail":{"url":"np://user.desktop.nicepage.com/Site_85269678/images/thumbnails/image4.png","width":143,"height":250},"folderId":null,"usages":["440424981"]},{"id":"user-image-image5.png","publicUrl":"np://user.desktop.nicepage.com/Site_85269678/images/image5.png","size":186693,"hash":"uFInl6ZuUorXgRiBQ4+A3oKIaNk=","fileName":"image5.png","name":"image5","width":251,"height":449,"thumbnail":{"url":"np://user.desktop.nicepage.com/Site_85269678/images/thumbnails/image5.png","width":140,"height":250},"folderId":null,"usages":["440424981"]},{"id":"user-image-image6.png","publicUrl":"np://user.desktop.nicepage.com/Site_85269678/images/image6.png","size":543451,"hash":"mBEgZPJr+TcpINViGOK1VnCXJ58=","fileName":"image6.png","name":"image6","width":500,"height":892,"thumbnail":{"url":"np://user.desktop.nicepage.com/Site_85269678/images/thumbnails/image6.png","width":140,"height":250},"folderId":null,"usages":["440424981"]},{"id":"user-image-image7.png","publicUrl":"np://user.desktop.nicepage.com/Site_85269678/images/image7.png","size":138798,"hash":"pkWfulzzWakxjTOCzFlvkZpjFwU=","fileName":"image7.png","name":"image7","width":252,"height":447,"thumbnail":{"url":"np://user.desktop.nicepage.com/Site_85269678/images/thumbnails/image7.png","width":141,"height":250},"folderId":null,"usages":["440424981"]},{"id":"user-image-Screenshot2023-05-26192615.png","publicUrl":"np://user.desktop.nicepage.com/Site_85269678/images/Screenshot2023-05-26192615.png","size":943385,"hash":"Bjx4oiEqwarF06L+Hh8EsfFZnyM=","fileName":"Screenshot2023-05-26192615.png","name":"Screenshot2023-05-26192615","width":841,"height":843,"thumbnail":{"url":"np://user.desktop.nicepage.com/Site_85269678/images/thumbnails/Screenshot2023-05-26192615.png","width":249,"height":250},"folderId":null,"usages":["1774729197"]},{"id":"user-image-image8.png","publicUrl":"np://user.desktop.nicepage.com/Site_85269678/images/image8.png","size":11488,"hash":"Kd7A3W/j2ZPe2QyCgCLiUHIzj84=","fileName":"image8.png","name":"image8","width":75,"height":70,"thumbnail":{"url":"np://user.desktop.nicepage.com/Site_85269678/images/thumbnails/image8.png","width":75,"height":70,"length":11488,"type":"png"},"folderId":null,"usages":["440424981"]},{"id":"user-image-image9.png","publicUrl":"np://user.desktop.nicepage.com/Site_85269678/images/image9.png","size":43815,"hash":"q3BVi96p8fGeqagaYZefOK/vQoM=","fileName":"image9.png","name":"image9","width":246,"height":123,"thumbnail":{"url":"np://user.desktop.nicepage.com/Site_85269678/images/thumbnails/image9.png","width":246,"height":123,"length":43815,"type":"png"},"folderId":null,"usages":["440424981"]},{"id":"user-image-image10.png","publicUrl":"np://user.desktop.nicepage.com/Site_85269678/images/image10.png","size":31762,"hash":"f7gtSSEp1vtBaHmZvSE2AU0Pj7E=","fileName":"image10.png","name":"image10","width":251,"height":122,"thumbnail":{"url":"np://user.desktop.nicepage.com/Site_85269678/images/thumbnails/image10.png","width":250,"height":122},"folderId":null,"usages":["440424981"]},{"id":"user-image-image11.png","publicUrl":"np://user.desktop.nicepage.com/Site_85269678/images/image11.png","size":3664205,"hash":"zAiYIpsl7kjLTwcsNEvejOrgshw=","fileName":"image11.png","name":"image11","width":1920,"height":1282,"thumbnail":{"url":"np://user.desktop.nicepage.com/Site_85269678/images/thumbnails/image11.png","width":250,"height":167},"folderId":null,"usages":["440424981"]},{"id":"user-image-image12.png","publicUrl":"np://user.desktop.nicepage.com/Site_85269678/images/image12.png","size":11778,"hash":"ICURSevLQ+XVLbxImAQwLX0N0EE=","fileName":"image12.png","name":"image12","width":78,"height":72,"thumbnail":{"url":"np://user.desktop.nicepage.com/Site_85269678/images/thumbnails/image12.png","width":78,"height":72,"length":11778,"type":"png"},"folderId":null,"usages":["440424981"]},{"id":"user-image-2989976.png","publicUrl":"np://user.desktop.nicepage.com/Site_85269678/images/2989976.png","size":1218,"hash":"3BxTs7joBbygmC4lfrNyKXQ112g=","fileName":"2989976.png","name":"2989976","width":128,"height":128,"thumbnail":{"url":"np://user.desktop.nicepage.com/Site_85269678/images/thumbnails/2989976.png","width":128,"height":128,"length":1218,"type":"png"},"folderId":null,"usages":["440424981"]},{"id":"user-image-21511-04-transparent-materials-powerpoint-backgrounds-16x9-1.jpg","publicUrl":"np://user.desktop.nicepage.com/Site_85269678/images/21511-04-transparent-materials-powerpoint-backgrounds-16x9-1.jpg","size":31048,"hash":"TbxVhGXvVJzXWRUb4xw1dl2W/jA=","fileName":"21511-04-transparent-materials-powerpoint-backgrounds-16x9-1.jpg","name":"21511-04-transparent-materials-powerpoint-backgrounds-16x9-1","width":1280,"height":720,"thumbnail":{"url":"np://user.desktop.nicepage.com/Site_85269678/images/thumbnails/21511-04-transparent-materials-powerpoint-backgrounds-16x9-1.jpg","width":250,"height":141},"folderId":null,"usages":[]}]